layer_scope,beta,layer,realised_cosine,clean_cosine,clean_cosine_abs,clean_cosine_sign_agreement,clean_cosine_headroom,selected_alpha_mean,n_highnorm_and_aligned,sink_strength,lpips,rmse,concentration_ratio,spectrum_high_over_uniform,onmanifold_energy,onmanifold_ratio_to_clean,onmanifold_clean_median,onmanifold_variance_explained,perturbation_l2,cosine_gain,gain_over_headroom
birth,-0.25,18,0.9769437909126282,0.9964570999145508,0.9964570999145508,1.0,0.0035429000854492188,18565.24921875,14.4,19.357873916625977,0.0021026569651439787,1.9202356338500977,4.142761605035405,0.9721697161214694,0.6679248809814453,1.1474388695193982,0.5822991728782654,0.5846617698669434,11926.6986328125,-0.019513309001922607,-5.507722072678331
birth,0.0,18,0.9755294561386109,0.9964570999145508,0.9964570999145508,1.0,0.0035429000854492188,23388.633203125,15.0,22.432720184326172,0.0022412203717976807,1.9569792747497559,4.147812507450588,0.9771072479154226,0.5654095411300659,0.9713771666686318,0.5822991728782654,0.5846617698669434,8880.184765625,-0.02092764377593992,-5.906924629878863
birth,0.5,18,0.9939064979553223,0.9964570999145508,0.9964570999145508,1.0,0.0035429000854492188,27170.660546875,17.0,30.49231376647949,0.0017728781793266534,1.7999815940856934,4.175098764990582,0.9952310551484876,0.6327765822410584,1.087155437341619,0.5822991728782654,0.5846617698669434,2788.957568359375,-0.0025506019592285156,-0.7199192462987887
birth,1.0,18,0.9964570999145508,0.9964570999145508,0.9964570999145508,1.0,0.0035429000854492188,20881.669921875,17.0,40.837701416015626,0.0,0.0,,,0.7609609842300415,1.307180338468552,0.5822991728782654,0.5846617698669434,0.0,0.0,0.0
birth,2.0,18,0.9969064593315125,0.9964570999145508,0.9964570999145508,1.0,0.0035429000854492188,12346.479296875,17.4,62.099039459228514,0.002094817778561264,1.9664714336395264,4.213455701785756,0.9719191659478469,0.8596633791923523,1.476587497528094,0.5822991728782654,0.5846617698669434,2101.74404296875,0.0004493594169616699,0.12683378196500672
boundary,-0.25,20,-0.9543874144554139,0.9973035335540772,0.9973035335540772,1.0,0.0026964664459228514,-20875.11875,16.2,0.7304122805595398,0.007282325671985746,3.208281087875366,4.195372708199223,0.7984935393107545,0.9627684235572815,1.6903294000091187,0.569762909412384,0.838106346130371,190873.2375,-1.951690948009491,-15.915688164247198
boundary,0.0,20,0.15546774566173555,0.9973035335540772,0.9973035335540772,1.0,0.0026964664459228514,2997.992041015625,0.8,8.804683542251587,0.022117028012871742,3.5961665153503417,3.9015423312590896,0.7240901202561842,0.40064539313316344,0.7042117097432844,0.569762909412384,0.838106346130371,132738.7578125,-0.8418357878923417,-312.19961559886633
boundary,0.5,20,0.9896319508552551,0.9973035335540772,0.9973035335540772,1.0,0.0026964664459228514,21955.362109375,18.0,191.02097778320314,0.002043827576562762,1.9405908823013305,4.13832695563026,0.9709606572540768,0.9861079812049866,1.7312924588439862,0.569762909412384,0.838106346130371,4839.771875,-0.007671582698822066,-2.845050310350379
boundary,1.0,20,0.9973035335540772,0.9973035335540772,0.9973035335540772,1.0,0.0026964664459228514,21961.748828125,18.0,196.7308776855469,0.0,0.0,,,0.9965814471244812,1.749700803201143,0.569762909412384,0.838106346130371,0.0,0.0,0.0
boundary,2.0,20,0.9993116617202759,0.9973035335540772,0.9973035335540772,1.0,0.0026964664459228514,21923.8515625,18.0,200.21483154296874,0.0014521832927130163,1.6330669403076172,4.1412010347376205,1.006439420868208,0.9983773946762085,1.7528577145305673,0.569762909412384,0.838106346130371,2444.507421875,0.002008128166198664,0.7447258130117119
established,-0.25,24,-0.9748689532279968,0.9978983640670777,0.9978983640670777,1.0,0.002101635932922363,-24724.121875,20.6,1.2199333667755128,0.007134261541068554,3.1785702228546144,4.229022304079345,0.7988833312005712,0.9690346956253052,1.7228752611488158,0.5625534534454346,0.8469189524650573,212847.340625,-1.9727673172950744,-10.957849777082112
established,0.0,24,0.23503575026988982,0.9978983640670777,0.9978983640670777,1.0,0.002101635932922363,5520.33359375,3.6,9.129191350936889,0.02702875193208456,3.8319421291351317,3.8518779057292036,0.709681841268788,0.4360790252685547,0.7758372667738678,0.5625534534454346,0.8469189524650573,148279.98125,-0.7628626137971879,-362.98514021713623
established,0.5,24,0.9921130180358887,0.9978983640670777,0.9978983640670777,1.0,0.002101635932922363,24105.451953125,20.6,179.96955108642578,0.0019942935672588647,1.855119228363037,4.162542855780464,0.9691026956532729,0.9896121978759765,1.7594546330415421,0.5625534534454346,0.8469189524650573,4586.183642578125,-0.005785346031188965,-2.752782221012179
established,1.0,24,0.9978983640670777,0.9978983640670777,0.9978983640670777,1.0,0.002101635932922363,24035.4078125,20.6,191.7519500732422,0.0,0.0,,,0.9968692064285278,1.7723689393582753,0.5625534534454346,0.8469189524650573,0.0,0.0,0.0
established,2.0,24,0.9994429230690003,0.9978983640670777,0.9978983640670777,1.0,0.002101635932922363,23983.9390625,20.6,197.45330200195312,0.001421923318412155,1.5540741682052612,4.073431681091004,0.9883680242882104,0.998585844039917,1.7754242822419175,0.5625534534454346,0.8469189524650573,2308.8637939453124,0.0015445590019226296,0.734931763264491
