rotation_target,theta_deg,prompt_id,seed,sink_retention,sink_strength,first_layer,last_layer,edit_layer
ordinary_mean,2.5,0,0,0.7612760139420861,99.56542959213257,20,39,18
ordinary_mean,2.5,1,0,0.6521897724140623,137.56423478126527,20,39,18
ordinary_mean,2.5,2,0,0.7639010115869385,151.2889349937439,20,39,18
ordinary_mean,2.5,3,0,0.5900787321030625,93.3364221572876,20,39,18
ordinary_mean,2.5,4,0,0.7359756427708036,173.55050716400146,20,39,18
ordinary_mean,5.0,0,0,0.5652906516951139,90.97342624664307,20,39,18
ordinary_mean,5.0,1,0,0.4155612134944818,126.87269406318664,20,39,18
ordinary_mean,5.0,2,0,0.457114162217137,136.61790890693663,20,39,18
ordinary_mean,5.0,3,0,0.2961417949226705,82.25050921440125,20,39,18
ordinary_mean,5.0,4,0,0.512493128795794,158.1068139076233,20,39,18
ordinary_mean,7.5,0,0,0.3668000760736997,64.49342198371887,20,39,18
ordinary_mean,7.5,1,0,0.177988008704626,95.61831052303314,20,39,18
ordinary_mean,7.5,2,0,0.26278331698812246,102.27844278812408,20,39,18
ordinary_mean,7.5,3,0,0.10139893177297268,56.495299506187436,20,39,18
ordinary_mean,7.5,4,0,0.35116917837102246,117.45809149742126,20,39,18
ordinary_mean,10.0,0,0,0.12380434782608693,27.51236802339554,20,39,18
ordinary_mean,10.0,1,0,0.04453508606826683,46.45567753314972,20,39,18
ordinary_mean,10.0,2,0,0.07638502960299297,48.590474498271945,20,39,18
ordinary_mean,10.0,3,0,0.011997145366710576,24.97197868824005,20,39,18
ordinary_mean,10.0,4,0,0.13676784211361542,61.12194561958313,20,39,18
ordinary_mean,12.5,0,0,0.006547619047619041,7.205531054735184,20,39,18
ordinary_mean,12.5,1,0,0.0025,15.325570869445801,20,39,18
ordinary_mean,12.5,2,0,0.008605072463768109,13.298678588867187,20,39,18
ordinary_mean,12.5,3,0,0.0,7.372305607795715,20,39,18
ordinary_mean,12.5,4,0,0.01877594183086173,20.090534043312072,20,39,18
ordinary_mean,15.0,0,0,0.0,2.7247521936893464,20,39,18
ordinary_mean,15.0,1,0,0.003125,5.469430631399154,20,39,18
ordinary_mean,15.0,2,0,0.0,4.091986271739006,20,39,18
ordinary_mean,15.0,3,0,0.0,3.0996336579322814,20,39,18
ordinary_mean,15.0,4,0,0.0026315789473684197,6.823333132266998,20,39,18
ordinary_pc1,2.5,0,0,0.7803176438733042,103.06651153564454,20,39,18
ordinary_pc1,2.5,1,0,0.7162633110764589,138.98031673431396,20,39,18
ordinary_pc1,2.5,2,0,0.810426337583088,156.6146499633789,20,39,18
ordinary_pc1,2.5,3,0,0.7422562203579164,95.38856868743896,20,39,18
ordinary_pc1,2.5,4,0,0.7773622158453563,172.34077987670898,20,39,18
ordinary_pc1,5.0,0,0,0.6299963152863948,100.91487197875976,20,39,18
ordinary_pc1,5.0,1,0,0.5360460049944671,133.32808809280397,20,39,18
ordinary_pc1,5.0,2,0,0.5186632341723875,146.48993644714355,20,39,18
ordinary_pc1,5.0,3,0,0.6201676507056606,91.2053279876709,20,39,18
ordinary_pc1,5.0,4,0,0.6321074650996242,163.43530387878417,20,39,18
ordinary_pc1,7.5,0,0,0.4434180181329864,97.9057264328003,20,39,18
ordinary_pc1,7.5,1,0,0.44165728686592864,126.34081430435181,20,39,18
ordinary_pc1,7.5,2,0,0.3268805165086629,135.2510353565216,20,39,18
ordinary_pc1,7.5,3,0,0.5209211518148622,87.39058301448821,20,39,18
ordinary_pc1,7.5,4,0,0.42814580287423204,152.89987573623657,20,39,18
ordinary_pc1,10.0,0,0,0.33605813946825525,94.33364553451538,20,39,18
ordinary_pc1,10.0,1,0,0.3547472001421052,118.35361132621765,20,39,18
ordinary_pc1,10.0,2,0,0.19431050452217496,121.01523847579956,20,39,18
ordinary_pc1,10.0,3,0,0.39432594700733076,83.48884892463684,20,39,18
ordinary_pc1,10.0,4,0,0.3046236944954807,141.57916326522826,20,39,18
ordinary_pc1,12.5,0,0,0.23872114944029063,90.07955107688903,20,39,18
ordinary_pc1,12.5,1,0,0.2646710657427106,110.23876852989197,20,39,18
ordinary_pc1,12.5,2,0,0.13581149431549885,104.83293726444245,20,39,18
ordinary_pc1,12.5,3,0,0.3239160947299661,79.53407306671143,20,39,18
ordinary_pc1,12.5,4,0,0.18983716799943745,130.02467188835143,20,39,18
ordinary_pc1,15.0,0,0,0.17992684328429379,85.67212858200074,20,39,18
ordinary_pc1,15.0,1,0,0.20035678242242044,101.72853379249572,20,39,18
ordinary_pc1,15.0,2,0,0.09978528749409754,87.75635719299316,20,39,18
ordinary_pc1,15.0,3,0,0.285091570814582,75.75308470726013,20,39,18
ordinary_pc1,15.0,4,0,0.13400075112216717,119.33042850494385,20,39,18
random_orthogonal,2.5,0,0,0.7580618488987717,101.0137336730957,20,39,18
random_orthogonal,2.5,1,0,0.6284725160086918,139.2391788482666,20,39,18
random_orthogonal,2.5,2,0,0.7933428680396644,156.44656410217286,20,39,18
random_orthogonal,2.5,3,0,0.6782191862425575,96.95963687896729,20,39,18
random_orthogonal,2.5,4,0,0.7261698040633631,173.98937911987304,20,39,18
random_orthogonal,5.0,0,0,0.5285460835398579,95.75025520324706,20,39,18
random_orthogonal,5.0,1,0,0.3959060343158135,129.50954723358154,20,39,18
random_orthogonal,5.0,2,0,0.5404867694598816,147.87114963531494,20,39,18
random_orthogonal,5.0,3,0,0.4155182673756001,91.29177436828613,20,39,18
random_orthogonal,5.0,4,0,0.4744469399298447,164.39472846984864,20,39,18
random_orthogonal,7.5,0,0,0.30595724008346836,88.41201896667481,20,39,18
random_orthogonal,7.5,1,0,0.22293888250813812,115.96920051574708,20,39,18
random_orthogonal,7.5,2,0,0.30501489230322176,134.59605045318602,20,39,18
random_orthogonal,7.5,3,0,0.25206882914388967,82.82146167755127,20,39,18
random_orthogonal,7.5,4,0,0.24501931051180614,149.7966724395752,20,39,18
random_orthogonal,10.0,0,0,0.14468817285599486,80.09047975540162,20,39,18
random_orthogonal,10.0,1,0,0.13400355969653652,101.29413232803344,20,39,18
random_orthogonal,10.0,2,0,0.14774063782645014,119.91003170013428,20,39,18
random_orthogonal,10.0,3,0,0.14283906806949948,73.79892129898072,20,39,18
random_orthogonal,10.0,4,0,0.10210902071112056,132.71942472457886,20,39,18
random_orthogonal,12.5,0,0,0.08400439286039633,72.3050145149231,20,39,18
random_orthogonal,12.5,1,0,0.07697360372274557,86.98153343200684,20,39,18
random_orthogonal,12.5,2,0,0.09039496385892265,105.68242225646972,20,39,18
random_orthogonal,12.5,3,0,0.07571349880358494,65.29830818176269,20,39,18
random_orthogonal,12.5,4,0,0.06134643771522892,116.26061410903931,20,39,18
random_orthogonal,15.0,0,0,0.05491022686725337,65.06360578536987,20,39,18
random_orthogonal,15.0,1,0,0.04855689330374684,74.04572219848633,20,39,18
random_orthogonal,15.0,2,0,0.05713395808361481,92.89868764877319,20,39,18
random_orthogonal,15.0,3,0,0.04340172597365691,57.521980381011964,20,39,18
random_orthogonal,15.0,4,0,0.0385919064595535,101.571790599823,20,39,18
